{"cameraMode":{"drawMode":0,"name":"Shaded","section":"Shading Mode"},"sceneLighting":true,"audioPlay":false,"sceneViewState":{"m_AlwaysRefresh":false,"showFog":true,"showSkybox":true,"showFlares":true,"showImageEffects":true,"showParticleSystems":true,"showVisualEffectGraphs":true,"m_FxEnabled":true},"in2DMode":false,"pivot":{"x":-3.5029959678649904,"y":1.4453024864196778,"z":0.2792940139770508},"rotation":{"x":0.08719874918460846,"y":-0.002993895672261715,"z":0.0002623540931381285,"w":0.9961910247802734},"size":2.2324395179748537,"orthographic":false}