{"cameraMode":{"drawMode":0,"name":"Shaded","section":"Shading Mode"},"sceneLighting":false,"audioPlay":false,"sceneViewState":{"m_AlwaysRefresh":false,"showFog":true,"showSkybox":false,"showFlares":true,"showImageEffects":true,"showParticleSystems":true,"showVisualEffectGraphs":true,"m_FxEnabled":true},"in2DMode":false,"pivot":{"x":-0.6253867745399475,"y":0.056710779666900638,"z":-0.3982774019241333},"rotation":{"x":-0.019164258614182473,"y":0.05096288397908211,"z":0.0009782968554645777,"w":0.9985178112983704},"size":0.5726082921028137,"orthographic":false}