{"cameraMode":{"drawMode":0,"name":"Shaded","section":"Shading Mode"},"sceneLighting":true,"audioPlay":false,"sceneViewState":{"showFog":true,"showMaterialUpdate":false,"showSkybox":true,"showFlares":true,"showImageEffects":true,"showParticleSystems":true},"in2DMode":false,"pivot":{"x":3.6268091201782228,"y":0.2898578643798828,"z":-0.42121991515159609},"rotation":{"x":-0.11998835951089859,"y":-0.023231202736496927,"z":0.002808442572131753,"w":-0.9924995303153992},"size":22.88486671447754,"orthographic":false}